Accuracy,Precision,Recall,F1 Score
0.8708701134930643,0.6861813682986924,0.6803228775062656,0.6831895742227424
