Accuracy,Precision,Recall,F1 Score
0.885750315258512,0.7181625481952633,0.6802171444235589,0.6950587225575963
