Accuracy,Precision,Recall,F1 Score
0.8723833543505675,0.700967390097318,0.6977414238721805,0.6990041253509859
