Accuracy,Precision,Recall,F1 Score
0.8779319041614123,0.7016812311187736,0.680829352025898,0.6906456453373077
